{"cameraMode":{"drawMode":0,"name":"Shaded","section":"Shading Mode"},"sceneLighting":false,"audioPlay":false,"sceneViewState":{"m_AlwaysRefresh":false,"showFog":true,"showSkybox":false,"showFlares":true,"showImageEffects":true,"showParticleSystems":true,"showVisualEffectGraphs":true,"m_FxEnabled":true},"in2DMode":false,"pivot":{"x":5.6504106521606449,"y":2.7372183799743654,"z":42.827247619628909},"rotation":{"x":-0.17494413256645204,"y":-0.6714693307876587,"z":0.16775016486644746,"w":-0.7002790570259094},"size":1.837117314338684,"orthographic":false}