{"cameraMode":{"drawMode":0,"name":"Shaded","section":"Shading Mode"},"sceneLighting":false,"audioPlay":false,"sceneViewState":{"m_AlwaysRefresh":false,"showFog":true,"showSkybox":false,"showFlares":true,"showImageEffects":true,"showParticleSystems":true,"showVisualEffectGraphs":true,"m_FxEnabled":true},"in2DMode":false,"pivot":{"x":-7.789355278015137,"y":-30.451669692993165,"z":12.733216285705567},"rotation":{"x":-0.33283185958862307,"y":-0.00934095960110426,"z":0.0032757986336946489,"w":-0.9429630041122437},"size":75.1878433227539,"orthographic":false}