{"cameraMode":{"drawMode":0,"name":"Shaded","section":"Shading Mode"},"sceneLighting":false,"audioPlay":false,"sceneViewState":{"m_AlwaysRefresh":false,"showFog":true,"showSkybox":false,"showFlares":true,"showImageEffects":true,"showParticleSystems":true,"showVisualEffectGraphs":true,"m_FxEnabled":true},"in2DMode":false,"pivot":{"x":-0.12018955498933792,"y":0.7441732883453369,"z":-7.788665294647217},"rotation":{"x":0.0005664938944391906,"y":0.9983664155006409,"z":-0.05578051880002022,"w":0.010474245995283127},"size":6.324746131896973,"orthographic":false}